signUpEmail,firstName,lastName,signUpPassword,rememberMe,email,password,newPassword,description,availabilityType,availableHours,earnTarget,languageName,languageLevel,updateLanguageName,updateLanguageLevel,skill,experienceLevel,updateSkill,updateExperienceLevel,certiName,certiForm,certiYear,updateCerName,updateCerForm,updateCerYear,skillTitle,skillDescription,skillCategoryId,skillSubcategoryId,tagsId1,tagsText1,tagsId2,tagsText2,skillServiceType,skillLocationType,skillStartDate,skillEndDate,skillStartTime,skillEndTime,skillAvailable,skillTradeId,skillTradeText,isTradable,skillCharge,skillCredentials,skillsActive,updateSkillTtile,updateSkillDescription,updateSkillCategoryId,updateSkillSubcategoryId,updateTagsId1,updateTagsText1,updateTagsId2,updateTagsText2,updateSkillServiceType,updateSkillLocationType,updateSkillStartDate,updateSkillEndDate,updateSkillStartTime,updateSkillEndTime,updateSkillAvailable,updateSkillTradeId,updateSkillTradeText,updateIsTradable,updateSkillCharge,updateSkillCredentials,updateSkillsActive,
abc123@gmail.com,Eddie,He,abc123,false,abc123@gamil.com,abc123,eddie510,Hi I am Eddie!!,0,0,0,Chinese,Fluent,Cantonese,Conversational,Jazz,Beginner,Blues,Intermediate,Master of Jazz,MusicWorld,2023,Master of Blue,MusicLive,2022,CSOL,"I love to play CSOL, welcome to join me!",8,5,CSOL,CSOL,FPS Game,FPS Game,0,1,2023/8/30,2023/9/30,0:00,14:30,true,CSGO,CSGO,true,0,true,true,LOL,Hi!!Anyone play LOL?,8,5,LOL,LOL,Games,Games,1,0,2023/10/30,2023/11/30,12:00,14:30,true,Hero,Hero,true,0,true,true,true
,Eddie,He,abc123,,,,,,,,,,,,,,,,,,,,,,,,,,,,,,,,,,,,,,,,,,,,,,,,,,,,,,,,,,,,,,,,,
abc1234@gmail.com,,He,abc123,,,,,,,,,,,,,,,,,,,,,,,,,,,,,,,,,,,,,,,,,,,,,,,,,,,,,,,,,,,,,,,,,
abc1235@gmail.com,Eddie,,abc123,,,,,,,,,,,,,,,,,,,,,,,,,,,,,,,,,,,,,,,,,,,,,,,,,,,,,,,,,,,,,,,,,
abc1236@gmail.com,Eddie,He,,,,,,,,,,,,,,,,,,,,,,,,,,,,,,,,,,,,,,,,,,,,,,,,,,,,,,,,,,,,,,,,,,
eddie510@gamil.com,Eddie,He,abc123,,,,,,,,,,,,,,,,,,,,,,,,,,,,,,,,,,,,,,,,,,,,,,,,,,,,,,,,,,,,,,,,,
abc124@gmail.com,Eddie,He,abc123,false,abc123@gmail.com,eddie,,,,,,,,,,,,,,,,,,,,,,,,,,,,,,,,,,,,,,,,,,,,,,,,,,,,,,,,,,,,,,
abc125@gmail.com,Eddie,He,abc124,false,abc@gmail.com,eddie510,,,,,,,,,,,,,,,,,,,,,,,,,,,,,,,,,,,,,,,,,,,,,,,,,,,,,,,,,,,,,,
abc126@gmail.com,Eddie,He,abc125,false,abc@gmail.com,eddie,,,,,,,,,,,,,,,,,,,,,,,,,,,,,,,,,,,,,,,,,,,,,,,,,,,,,,,,,,,,,,
abc127@gmail.com,Eddie,He,abc126,false,,,,,,,,,,,,,,,,,,,,,,,,,,,,,,,,,,,,,,,,,,,,,,,,,,,,,,,,,,,,,,,,
abc128@gmail.com,Eddie,He,abc127,false,abc123@gamil.com,,,,,,,,,,,,,,,,,,,,,,,,,,,,,,,,,,,,,,,,,,,,,,,,,,,,,,,,,,,,,,,
abc129@gmail.com,Eddie,He,abc128,false,,eddie510,,,,,,,,,,,,,,,,,,,,,,,,,,,,,,,,,,,,,,,,,,,,,,,,,,,,,,,,,,,,,,
abc130@gmail.com,Eddie,He,abc129,false,abc123@gamil.com,12312sadsadasd12easdasdc@!#$!@$!@,,,,,,,,,,,,,,,,,,,,,,,,,,,,,,,,,,,,,,,,,,,,,,,,,,,,,,,,,,,,,,
abc131@gmail.com,Eddie,He,abc130,false,eddie510@!@#!@gmail.com,eddie510,,,,,,,,,,,,,,,,,,,,,,,,,,,,,,,,,,,,,,,,,,,,,,,,,,,,,,,,,,,,,,
abc132@gmail.com,Eddie,He,abc131,false,adhgawiuhdoiuawdhiuahuihsauighauidaiudadiuashdaduisahdiua@yuifguiasdiahsduiahds.com,edasdasrfesfsad3442314c 3564566,,,,,,,,,,,,,,,,,,,,,,,,,,,,,,,,,,,,,,,,,,,,,,,,,,,,,,,,,,,,,,
abc133@gmail.com,Eddie,He,abc132,true,abc133@gmail.com,abc132,,,,,,,,,,,,,,,,,,,,,,,,,,,,,,,,,,,,,,,,,,,,,,,,,,,,,,,,,,,,,,
abc134@gmail.com,Eddie,He,abc133,false,abc134@gmail.com,abc133,abc134,,1,1,1,,,,,,,,,,,,,,,,,,,,,,,,,,,,,,,,,,,,,,,,,,,,,,,,,,,,,,,,,
abc135@gmail.com,Eddie,He,abc134,false,abc135@gmail.com,abc134,abc135,,2,2,2,,,,,,,,,,,,,,,,,,,,,,,,,,,,,,,,,,,,,,,,,,,,,,,,,,,,,,,,,
abc136@gmail.com,Eddie,He,abc135,false,abc136@gmail.com,abc135,abc136,,,,,,,,,,,,,,,,,,,,,,,,,,,,,,,,,,,,,,,,,,,,,,,,,,,,,,,,,,,,,
abc137@gmail.com,Eddie,He,abc136,false,abc137@gmail.com,abc136,abc137,HELLO EVERYONE!!!,,,,,,,,,,,,,,,,,,,,,,,,,,,,,,,,,,,,,,,,,,,,,,,,,,,,,,,,,,,,
abc138@gmail.com,Eddie,He,abc137,false,abc138@gmail.com,abc137,abc138,   ,,,,,,,,,,,,,,,,,,,,,,,,,,,,,,,,,,,,,,,,,,,,,,,,,,,,,,,,,,,,
abc139@gmail.com,Eddie,He,abc138,false,abc139@gmail.com,abc138,abc139,aaaaaaaaaaaaaaaaaaaaaaaaaaaaaaaaaaaaaaaaaaaaaaaaaaaaaaaaaaaaaaaaaaaaaaaaaaaaaaaaaaaaaaaaaaaaaaaaaaaaaaaaaaaaaaaaaaaaaaaaaaaaaaaaaaaaaaaaaaaaaaaaaaaaaaaaaaaaaaaaaaaaaaaaaaaaaaaaaaaaaaaaaaaaaaaaaaaaaaaaaaaaaaaaaaaaaaaaaaaaaaaaaaaaaaaaaaaaaaaaaaaaaaaaaaaaaaaaaaaaaaaaaaaaaaaaaaaaaaaaaaaaaaaaaaaaaaaaaaaaaaaaaaaaaaaaaaaaaaaaaaaaaaaaaaaaaaaaaaaaaaaaaaaaaaaaaaaaaaaaaaaaaaaaaaaaaaaaaaaaaaaaaaaaaaaaaaaaaaaaaaaaaaaaaaaaaaaaaaaaaaaaaaaaaaaaaaaaaaaaaaaaaaaaaaaaaaaaaaaaaaaaaaaaaaaaaaaaaaaaaaaaaaaaaaaaaaaaaaaaaaaaaaaaaaaaaaaaaaaaaaaaaaaaaaaaaaaaaaaaaaaaaaaaaaaaaaaaaaaaaaaaaaaaaaaaaaaaaaaaaaaaaaaaaaaaaaaaaaaaa,,,,,,,,,,,,,,,,,,,,,,,,,,,,,,,,,,,,,,,,,,,,,,,,,,,,,,,,,,,,
abc140@gmail.com,Eddie,He,abc139,false,abc140@gmail.com,abc139,abc140,Hi I am Eddie!!,1,1,1,,Fluent,,Conversational,,,,,,,,,,,,,,,,,,,,,,,,,,,,,,,,,,,,,,,,,,,,,,,,,,,,,
abc141@gmail.com,Eddie,He,abc140,false,abc141@gmail.com,abc140,abc141,Hi I am Eddie!!,1,1,1,Chinese,,Cantonese,,,,,,,,,,,,,,,,,,,,,,,,,,,,,,,,,,,,,,,,,,,,,,,,,,,,,,
abc142@gmail.com,Eddie,He,abc141,false,abc142@gmail.com,abc141,abc142,Hi I am Eddie!!,1,1,1,Chinese,Fluent,Cantonese,Conversational,Jazz,,Blues,,,,,,,,,,,,,,,,,,,,,,,,,,,,,,,,,,,,,,,,,,,,,,,,,,
abc143@gmail.com,Eddie,He,abc142,false,abc143@gmail.com,abc142,abc143,Hi I am Eddie!!,1,1,1,Chinese,Fluent,Cantonese,Conversational,,Beginner,,Intermediate,,,,,,,,,,,,,,,,,,,,,,,,,,,,,,,,,,,,,,,,,,,,,,,,,
abc144@gmail.com,Eddie,He,abc143,false,abc144@gmail.com,abc143,abc144,Hi I am Eddie!!,2,2,2,Chinese,Fluent,Cantonese,Conversational,Jazz,Beginner,Blues,Intermediate,,MusicWorld,2023,,MusicLive,2022,,,,,,,,,,,,,,,,,,,,,,,,,,,,,,,,,,,,,,,,,,,
abc145@gmail.com,Eddie,He,abc144,false,abc145@gmail.com,abc144,abc145,Hi I am Eddie!!,0,0,0,Chinese,Fluent,Cantonese,Conversational,Jazz,Beginner,Blues,Intermediate,Master of Jazz,,2023,Master of Blue,,2022,,,,,,,,,,,,,,,,,,,,,,,,,,,,,,,,,,,,,,,,,,,
abc146@gmail.com,Eddie,He,abc145,false,abc146@gmail.com,abc145,abc146,Hi I am Eddie!!,0,0,0,Chinese,Fluent,Cantonese,Conversational,Jazz,Beginner,Blues,Intermediate,Master of Jazz,MusicWorld,,Master of Blue,MusicLive,,,,,,,,,,,,,,,,,,,,,,,,,,,,,,,,,,,,,,,,,,,,
abc147@gmail.com,Eddie,He,abc146,false,abc147@gmail.com,abc146,abc147,Hi I am Eddie!!,0,0,0,Chinese,Fluent,Cantonese,Conversational,Jazz,Beginner,Blues,Intermediate,Master of Jazz,MusicWorld,2023,Master of Blue,MusicLive,2022,,"I love to play CSOL, welcome to join me!",8,5,CSOL,CSOL,FPS Game,FPS Game,0,1,2023/8/30,2023/9/30,0:00,14:30,true,CSGO,CSGO,true,0,true,true,,Hi!!Anyone play LOL?,8,5,LOL,LOL,Games,Games,1,0,2023/10/30,2023/11/30,12:00,14:30,true,Hero,Hero,true,0,true,true,true
abc148@gmail.com,Eddie,He,abc147,false,abc148@gmail.com,abc147,abc148,Hi I am Eddie!!,0,0,0,Chinese,Fluent,Cantonese,Conversational,Jazz,Beginner,Blues,Intermediate,Master of Jazz,MusicWorld,2023,Master of Blue,MusicLive,2022,CSOL,,8,5,CSOL,CSOL,FPS Game,FPS Game,0,1,2023/8/30,2023/9/30,0:00,14:30,true,CSGO,CSGO,true,0,true,true,LOL,,8,5,LOL,LOL,Games,Games,1,0,2023/10/30,2023/11/30,12:00,14:30,true,Hero,Hero,true,0,true,true,true
abc149@gmail.com,Eddie,He,abc148,false,abc149@gmail.com,abc148,abc149,Hi I am Eddie!!,0,0,0,Chinese,Fluent,Cantonese,Conversational,Jazz,Beginner,Blues,Intermediate,Master of Jazz,MusicWorld,2023,Master of Blue,MusicLive,2022,CSOL,"I love to play CSOL, welcome to join me!",,,CSOL,CSOL,FPS Game,FPS Game,0,1,2023/8/30,2023/9/30,0:00,14:30,true,CSGO,CSGO,true,0,true,true,LOL,Hi!!Anyone play LOL?,,,LOL,LOL,Games,Games,1,0,2023/10/30,2023/11/30,12:00,14:30,true,Hero,Hero,true,0,true,true,true
abc150@gmail.com,Eddie,He,abc149,false,abc150@gmail.com,abc149,abc150,Hi I am Eddie!!,0,0,0,Chinese,Fluent,Cantonese,Conversational,Jazz,Beginner,Blues,Intermediate,Master of Jazz,MusicWorld,2023,Master of Blue,MusicLive,2022,CSOL,"I love to play CSOL, welcome to join me!",8,5,,,,,0,1,2023/8/30,2023/9/30,0:00,14:30,true,CSGO,CSGO,true,0,true,true,LOL,Hi!!Anyone play LOL?,8,5,,,,,1,0,2023/10/30,2023/11/30,12:00,14:30,true,Hero,Hero,true,0,true,true,true
abc151@gmail.com,Eddie,He,abc150,false,abc151@gmail.com,abc150,abc151,Hi I am Eddie!!,0,0,0,Chinese,Fluent,Cantonese,Conversational,Jazz,Beginner,Blues,Intermediate,Master of Jazz,MusicWorld,2023,Master of Blue,MusicLive,2022,CSOL,"I love to play CSOL, welcome to join me!",8,5,CSOL,CSOL,FPS Game,FPS Game,0,1,2023/8/30,2023/9/30,0:00,14:30,true,CSGO,CSGO,true,0,true,true,LOL,Hi!!Anyone play LOL?,8,5,LOL,LOL,Games,Games,1,0,2023/1/30,2023/11/30,12:00,14:30,true,Hero,Hero,true,0,true,true,true
abc152@gmail.com,Eddie,He,abc151,false,abc152@gmail.com,abc151,abc152,Hi I am Eddie!!,0,0,0,Chinese,Fluent,Cantonese,Conversational,Jazz,Beginner,Blues,Intermediate,Master of Jazz,MusicWorld,2023,Master of Blue,MusicLive,2022,CSOL,"I love to play CSOL, welcome to join me!",8,5,CSOL,CSOL,FPS Game,FPS Game,0,1,2023/8/30,2023/7/30,0:00,14:30,true,CSGO,CSGO,true,0,true,true,LOL,Hi!!Anyone play LOL?,8,5,LOL,LOL,Games,Games,1,0,2023/10/30,2023/9/30,12:00,14:30,true,Hero,Hero,true,0,true,true,true
abc153@gmail.com,Eddie,He,abc152,false,abc153@gmail.com,abc152,abc153,Hi I am Eddie!!,0,0,0,Chinese,Fluent,Cantonese,Conversational,Jazz,Beginner,Blues,Intermediate,Master of Jazz,MusicWorld,2023,Master of Blue,MusicLive,2022,CSOL,"I love to play CSOL, welcome to join me!",8,5,CSOL,CSOL,FPS Game,FPS Game,0,1,2023/8/30,2023/9/30,0:00,14:30,true,,,true,0,true,true,LOL,Hi!!Anyone play LOL?,8,5,LOL,LOL,Games,Games,1,0,2023/10/30,2023/11/30,12:00,14:30,true,,,true,0,true,true,true
abc154@gmail.com,Eddie,He,abc153,false,abc154@gmail.com,abc153,abc154,Hi I am Eddie!!,0,0,0,Chinese,Fluent,Cantonese,Conversational,Jazz,Beginner,Blues,Intermediate,Master of Jazz,MusicWorld,2023,Master of Blue,MusicLive,2022,CSOL,"I love to play CSOL, welcome to join me!",8,5,CSOL,CSOL,FPS Game,FPS Game,0,1,2023/8/30,2023/9/30,0:00,14:30,true,CSGO,CSGO,false,0,true,true,LOL,Hi!!Anyone play LOL?,8,5,LOL,LOL,Games,Games,1,0,2023/10/30,2023/11/30,12:00,14:30,true,Hero,Hero,false,0,true,true,true
abc155@gmail.com,Eddie,He,abc154,false,abc155@gmail.com,abc154,abc155,Hi I am Eddie!!,0,0,0,Chinese,Fluent,Cantonese,Conversational,Jazz,Beginner,Blues,Intermediate,Master of Jazz,MusicWorld,2023,Master of Blue,MusicLive,2022,CSOL,"I love to play CSOL, welcome to join me!",8,5,CSOL,CSOL,FPS Game,FPS Game,0,1,2023/8/30,2023/9/30,0:00,14:30,true,CSGO,CSGO,true,0,true,false,LOL,Hi!!Anyone play LOL?,8,5,LOL,LOL,Games,Games,1,0,2023/10/30,2023/11/30,12:00,14:30,true,Hero,Hero,true,0,true,true,false
